-- MySQL dump 10.13  Distrib 8.0.36, for Win64 (x86_64)
--
-- Host: 127.0.0.1    Database: sms
-- ------------------------------------------------------
-- Server version	5.5.5-10.4.32-MariaDB

/*!40101 SET @OLD_CHARACTER_SET_CLIENT=@@CHARACTER_SET_CLIENT */;
/*!40101 SET @OLD_CHARACTER_SET_RESULTS=@@CHARACTER_SET_RESULTS */;
/*!40101 SET @OLD_COLLATION_CONNECTION=@@COLLATION_CONNECTION */;
/*!50503 SET NAMES utf8 */;
/*!40103 SET @OLD_TIME_ZONE=@@TIME_ZONE */;
/*!40103 SET TIME_ZONE='+00:00' */;
/*!40014 SET @OLD_UNIQUE_CHECKS=@@UNIQUE_CHECKS, UNIQUE_CHECKS=0 */;
/*!40014 SET @OLD_FOREIGN_KEY_CHECKS=@@FOREIGN_KEY_CHECKS, FOREIGN_KEY_CHECKS=0 */;
/*!40101 SET @OLD_SQL_MODE=@@SQL_MODE, SQL_MODE='NO_AUTO_VALUE_ON_ZERO' */;
/*!40111 SET @OLD_SQL_NOTES=@@SQL_NOTES, SQL_NOTES=0 */;

--
-- Table structure for table `attendence`
--

DROP TABLE IF EXISTS `attendence`;
/*!40101 SET @saved_cs_client     = @@character_set_client */;
/*!50503 SET character_set_client = utf8mb4 */;
CREATE TABLE `attendence` (
  `AttenID` int(11) NOT NULL AUTO_INCREMENT,
  `StdID` int(11) NOT NULL,
  `StdClass` int(11) NOT NULL,
  `Date` date DEFAULT NULL,
  `Status` enum('P','A','L') DEFAULT NULL,
  PRIMARY KEY (`AttenID`,`StdID`,`StdClass`),
  KEY `fk_Attendence_Registration1_idx` (`StdID`,`StdClass`),
  CONSTRAINT `fk_Attendence_Registration1` FOREIGN KEY (`StdID`, `StdClass`) REFERENCES `registration` (`StdId`, `ClassId`) ON DELETE CASCADE ON UPDATE CASCADE
) ENGINE=InnoDB AUTO_INCREMENT=15 DEFAULT CHARSET=utf8 COLLATE=utf8_general_ci;
/*!40101 SET character_set_client = @saved_cs_client */;

--
-- Dumping data for table `attendence`
--

LOCK TABLES `attendence` WRITE;
/*!40000 ALTER TABLE `attendence` DISABLE KEYS */;
INSERT INTO `attendence` VALUES (1,1,1,'2024-05-21','P'),(2,2,1,'2024-05-21','P'),(3,3,1,'2024-05-21','P'),(4,4,1,'2024-05-21','P'),(5,5,1,'2024-05-21','P'),(6,6,1,'2024-05-21','P'),(7,7,1,'2024-05-21','P'),(8,8,1,'2024-05-21','A'),(9,9,1,'2024-05-21','A'),(10,10,1,'2024-05-21','A'),(11,11,1,'2024-05-21','A'),(12,12,1,'2024-05-21','P'),(13,13,1,'2024-05-21','P'),(14,14,1,'2024-05-21','P');
/*!40000 ALTER TABLE `attendence` ENABLE KEYS */;
UNLOCK TABLES;

--
-- Table structure for table `class`
--

DROP TABLE IF EXISTS `class`;
/*!40101 SET @saved_cs_client     = @@character_set_client */;
/*!50503 SET character_set_client = utf8mb4 */;
CREATE TABLE `class` (
  `idClass` int(11) NOT NULL AUTO_INCREMENT,
  `name` varchar(10) NOT NULL,
  `Section` varchar(10) DEFAULT NULL,
  PRIMARY KEY (`idClass`)
) ENGINE=InnoDB AUTO_INCREMENT=11 DEFAULT CHARSET=utf8 COLLATE=utf8_general_ci;
/*!40101 SET character_set_client = @saved_cs_client */;

--
-- Dumping data for table `class`
--

LOCK TABLES `class` WRITE;
/*!40000 ALTER TABLE `class` DISABLE KEYS */;
INSERT INTO `class` VALUES (1,'I','A'),(2,'II','A'),(3,'III','A'),(4,'IV','A'),(5,'V','A'),(6,'VI','A'),(7,'VII','A'),(8,'VIII','A'),(9,'IX','A'),(10,'X','A');
/*!40000 ALTER TABLE `class` ENABLE KEYS */;
UNLOCK TABLES;

--
-- Table structure for table `exam`
--

DROP TABLE IF EXISTS `exam`;
/*!40101 SET @saved_cs_client     = @@character_set_client */;
/*!50503 SET character_set_client = utf8mb4 */;
CREATE TABLE `exam` (
  `idExam` int(11) NOT NULL AUTO_INCREMENT,
  `ExamType` varchar(10) NOT NULL,
  PRIMARY KEY (`idExam`)
) ENGINE=InnoDB AUTO_INCREMENT=4 DEFAULT CHARSET=utf8 COLLATE=utf8_general_ci;
/*!40101 SET character_set_client = @saved_cs_client */;

--
-- Dumping data for table `exam`
--

LOCK TABLES `exam` WRITE;
/*!40000 ALTER TABLE `exam` DISABLE KEYS */;
INSERT INTO `exam` VALUES (1,'First Term'),(2,'Second Ter'),(3,'Final');
/*!40000 ALTER TABLE `exam` ENABLE KEYS */;
UNLOCK TABLES;

--
-- Table structure for table `marks`
--

DROP TABLE IF EXISTS `marks`;
/*!40101 SET @saved_cs_client     = @@character_set_client */;
/*!50503 SET character_set_client = utf8mb4 */;
CREATE TABLE `marks` (
  `ExamId` int(11) NOT NULL,
  `StdId` int(11) NOT NULL,
  `ClassId` int(11) NOT NULL,
  `SubID` int(11) NOT NULL,
  `TotalMarks` float NOT NULL,
  `ObtainedMarks` float NOT NULL,
  PRIMARY KEY (`ExamId`,`StdId`,`ClassId`,`SubID`),
  KEY `fk_Marks_Exam1_idx` (`ExamId`),
  KEY `fk_Marks_Registration1_idx` (`StdId`,`ClassId`,`SubID`),
  CONSTRAINT `fk_Marks_Exam1` FOREIGN KEY (`ExamId`) REFERENCES `exam` (`idExam`) ON DELETE CASCADE ON UPDATE CASCADE,
  CONSTRAINT `fk_Marks_Registration1` FOREIGN KEY (`StdId`, `ClassId`, `SubID`) REFERENCES `registration` (`StdId`, `ClassId`, `SubID`) ON DELETE CASCADE ON UPDATE CASCADE
) ENGINE=InnoDB DEFAULT CHARSET=utf8 COLLATE=utf8_general_ci;
/*!40101 SET character_set_client = @saved_cs_client */;

--
-- Dumping data for table `marks`
--

LOCK TABLES `marks` WRITE;
/*!40000 ALTER TABLE `marks` DISABLE KEYS */;
INSERT INTO `marks` VALUES (1,1,1,1,100,50),(1,1,1,2,100,20),(1,1,1,3,50,45),(1,1,1,4,100,80),(1,1,1,5,50,45),(1,1,1,6,50,30),(1,1,1,7,50,30),(1,1,1,8,50,30),(1,1,1,9,50,30),(1,1,1,10,30,30);
/*!40000 ALTER TABLE `marks` ENABLE KEYS */;
UNLOCK TABLES;

--
-- Table structure for table `parent`
--

DROP TABLE IF EXISTS `parent`;
/*!40101 SET @saved_cs_client     = @@character_set_client */;
/*!50503 SET character_set_client = utf8mb4 */;
CREATE TABLE `parent` (
  `idParent` int(11) NOT NULL AUTO_INCREMENT,
  `name` varchar(45) NOT NULL,
  `email` varchar(45) DEFAULT NULL,
  `phone_no` varchar(45) DEFAULT NULL,
  `CNIC_NO` varchar(45) DEFAULT NULL,
  PRIMARY KEY (`idParent`),
  UNIQUE KEY `CNIC_NO_UNIQUE` (`CNIC_NO`)
) ENGINE=InnoDB AUTO_INCREMENT=35 DEFAULT CHARSET=utf8 COLLATE=utf8_general_ci;
/*!40101 SET character_set_client = @saved_cs_client */;

--
-- Dumping data for table `parent`
--

LOCK TABLES `parent` WRITE;
/*!40000 ALTER TABLE `parent` DISABLE KEYS */;
INSERT INTO `parent` VALUES (1,'Ali','ali@example.com','1234567890','12345-1234567-1'),(2,'Ahmed','ahmed@example.com','1234567891','12345-1234567-2'),(3,'Fatima','fatima@example.com','1234567892','12345-1234567-3'),(4,'Aisha','aisha@example.com','1234567893','12345-1234567-4'),(5,'Usman','usman@example.com','1234567894','12345-1234567-5'),(6,'Sana','sana@example.com','1234567895','12345-1234567-6'),(7,'Bilal','bilal@example.com','1234567896','12345-1234567-7'),(8,'Zainab','zainab@example.com','1234567897','12345-1234567-8'),(9,'Hassan','hassan@example.com','1234567898','12345-1234567-9'),(10,'Nadia','nadia@example.com','1234567899','12345-1234567-10'),(11,'Amir','amir@example.com','1234567800','12345-1234567-11'),(12,'Hina','hina@example.com','1234567801','12345-1234567-12'),(13,'Kamran','kamran@example.com','1234567802','12345-1234567-13'),(14,'Sadia','sadia@example.com','1234567803','12345-1234567-14'),(15,'Tariq','tariq@example.com','1234567804','12345-1234567-15'),(16,'Kiran','kiran@example.com','1234567805','12345-1234567-16'),(17,'Raza','raza@example.com','1234567806','12345-1234567-17'),(18,'Sara','sara@example.com','1234567807','12345-1234567-18'),(19,'Yasir','yasir@example.com','1234567808','12345-1234567-19'),(20,'Ayesha','ayesha@example.com','1234567809','12345-1234567-20'),(21,'Imran','imran@example.com','1234567810','123451234567-21'),(22,'Sobia','sobia@example.com','1234567811','12345-1234567-22'),(23,'Noman','noman@example.com','1234567812','12345-1234567-23'),(24,'Asma','asma@example.com','1234567813','12345-1234567-24'),(25,'Farhan','farhan@example.com','1234567814','12345-1234567-25'),(26,'Rabia','rabia@example.com','1234567815','12345-1234567-26'),(27,'Haris','haris@example.com','1234567816','12345-1234567-27'),(28,'Saima','saima@example.com','1234567817','12345-1234567-28'),(29,'Taimur','taimur@example.com','1234567818','12345-1234567-29'),(30,'Anaya','anaya@example.com','1234567819','12345-1234567-30'),(31,'RIAZ KHAN','PERS@GMAIL.COM','031111111111','1111-11111-1119'),(33,'KK','kkk@gamilc.omc','03111223355','1111-22222-4444'),(34,'dddddd','sss@gmail.com','0311122335532','1111-22222-4443');
/*!40000 ALTER TABLE `parent` ENABLE KEYS */;
UNLOCK TABLES;

--
-- Table structure for table `registration`
--

DROP TABLE IF EXISTS `registration`;
/*!40101 SET @saved_cs_client     = @@character_set_client */;
/*!50503 SET character_set_client = utf8mb4 */;
CREATE TABLE `registration` (
  `StdId` int(11) NOT NULL,
  `ClassId` int(11) NOT NULL,
  `SubID` int(11) NOT NULL,
  `Session` varchar(10) NOT NULL,
  PRIMARY KEY (`StdId`,`ClassId`,`SubID`),
  KEY `fk_Student_has_Class_Class1_idx` (`ClassId`),
  KEY `fk_Student_has_Class_Student1_idx` (`StdId`),
  KEY `fk_Registration_Subject1_idx` (`SubID`),
  CONSTRAINT `fk_Registration_Subject1` FOREIGN KEY (`SubID`) REFERENCES `subject` (`idSubject`) ON DELETE CASCADE ON UPDATE CASCADE,
  CONSTRAINT `fk_Student_has_Class_Class1` FOREIGN KEY (`ClassId`) REFERENCES `class` (`idClass`) ON DELETE CASCADE ON UPDATE CASCADE,
  CONSTRAINT `fk_Student_has_Class_Student1` FOREIGN KEY (`StdId`) REFERENCES `student` (`idStudent`) ON DELETE CASCADE ON UPDATE CASCADE
) ENGINE=InnoDB DEFAULT CHARSET=utf8 COLLATE=utf8_general_ci;
/*!40101 SET character_set_client = @saved_cs_client */;

--
-- Dumping data for table `registration`
--

LOCK TABLES `registration` WRITE;
/*!40000 ALTER TABLE `registration` DISABLE KEYS */;
INSERT INTO `registration` VALUES (1,1,1,'2024'),(1,1,2,'2024'),(1,1,3,'2024'),(1,1,4,'2024'),(1,1,5,'2024'),(1,1,6,'2024'),(1,1,7,'2024'),(1,1,8,'2024'),(1,1,9,'2024'),(1,1,10,'2024'),(2,1,1,'2024'),(2,1,2,'2024'),(2,1,3,'2024'),(2,1,4,'2024'),(2,1,5,'2024'),(2,1,6,'2024'),(2,1,7,'2024'),(2,1,8,'2024'),(2,1,9,'2024'),(2,1,10,'2024'),(3,1,1,'2024'),(3,1,2,'2024'),(3,1,3,'2024'),(3,1,4,'2024'),(3,1,5,'2024'),(3,1,6,'2024'),(3,1,7,'2024'),(3,1,8,'2024'),(3,1,9,'2024'),(3,1,10,'2024'),(4,1,1,'2024'),(4,1,2,'2024'),(4,1,3,'2024'),(4,1,4,'2024'),(4,1,5,'2024'),(4,1,6,'2024'),(4,1,7,'2024'),(4,1,8,'2024'),(4,1,9,'2024'),(4,1,10,'2024'),(5,1,1,'2024'),(5,1,2,'2024'),(5,1,3,'2024'),(5,1,4,'2024'),(5,1,5,'2024'),(5,1,6,'2024'),(5,1,7,'2024'),(5,1,8,'2024'),(5,1,9,'2024'),(5,1,10,'2024'),(6,1,1,'2024'),(6,1,2,'2024'),(6,1,3,'2024'),(6,1,4,'2024'),(6,1,5,'2024'),(6,1,6,'2024'),(6,1,7,'2024'),(6,1,8,'2024'),(6,1,9,'2024'),(6,1,10,'2024'),(7,1,1,'2024'),(7,1,2,'2024'),(7,1,3,'2024'),(7,1,4,'2024'),(7,1,5,'2024'),(7,1,6,'2024'),(7,1,7,'2024'),(7,1,8,'2024'),(7,1,9,'2024'),(7,1,10,'2024'),(8,1,1,'2024'),(8,1,2,'2024'),(8,1,3,'2024'),(8,1,4,'2024'),(8,1,5,'2024'),(8,1,6,'2024'),(8,1,7,'2024'),(8,1,8,'2024'),(8,1,9,'2024'),(8,1,10,'2024'),(9,1,1,'2024'),(9,1,2,'2024'),(9,1,3,'2024'),(9,1,4,'2024'),(9,1,5,'2024'),(9,1,6,'2024'),(9,1,7,'2024'),(9,1,8,'2024'),(9,1,9,'2024'),(9,1,10,'2024'),(10,1,1,'2024'),(10,1,2,'2024'),(10,1,3,'2024'),(10,1,4,'2024'),(10,1,5,'2024'),(10,1,6,'2024'),(10,1,7,'2024'),(10,1,8,'2024'),(10,1,9,'2024'),(10,1,10,'2024'),(11,1,1,'2024'),(11,1,2,'2024'),(11,1,3,'2024'),(11,1,4,'2024'),(11,1,5,'2024'),(11,1,6,'2024'),(11,1,7,'2024'),(11,1,8,'2024'),(11,1,9,'2024'),(11,1,10,'2024'),(12,1,1,'2024'),(12,1,2,'2024'),(12,1,3,'2024'),(12,1,4,'2024'),(12,1,5,'2024'),(12,1,6,'2024'),(12,1,7,'2024'),(12,1,8,'2024'),(12,1,9,'2024'),(12,1,10,'2024'),(13,1,1,'2024'),(13,1,2,'2024'),(13,1,3,'2024'),(13,1,4,'2024'),(13,1,5,'2024'),(13,1,6,'2024'),(13,1,7,'2024'),(13,1,8,'2024'),(13,1,9,'2024'),(13,1,10,'2024'),(14,1,1,'2024'),(14,1,2,'2024'),(14,1,3,'2024'),(14,1,4,'2024'),(14,1,5,'2024'),(14,1,6,'2024'),(14,1,7,'2024'),(14,1,8,'2024'),(14,1,9,'2024'),(14,1,10,'2024'),(15,2,1,'2024'),(15,2,2,'2024'),(15,2,3,'2024'),(15,2,4,'2024'),(15,2,5,'2024'),(15,2,6,'2024'),(15,2,7,'2024'),(15,2,8,'2024'),(15,2,9,'2024'),(15,2,10,'2024'),(16,2,1,'2024'),(16,2,2,'2024'),(16,2,3,'2024'),(16,2,4,'2024'),(16,2,5,'2024'),(16,2,6,'2024'),(16,2,7,'2024'),(16,2,8,'2024'),(16,2,9,'2024'),(16,2,10,'2024'),(17,2,1,'2024'),(17,2,2,'2024'),(17,2,3,'2024'),(17,2,4,'2024'),(17,2,5,'2024'),(17,2,6,'2024'),(17,2,7,'2024'),(17,2,8,'2024'),(17,2,9,'2024'),(17,2,10,'2024'),(18,2,1,'2024'),(18,2,2,'2024'),(18,2,3,'2024'),(18,2,4,'2024'),(18,2,5,'2024'),(18,2,6,'2024'),(18,2,7,'2024'),(18,2,8,'2024'),(18,2,9,'2024'),(18,2,10,'2024'),(19,2,1,'2024'),(19,2,2,'2024'),(19,2,3,'2024'),(19,2,4,'2024'),(19,2,5,'2024'),(19,2,6,'2024'),(19,2,7,'2024'),(19,2,8,'2024'),(19,2,9,'2024'),(19,2,10,'2024'),(20,2,1,'2024'),(20,2,2,'2024'),(20,2,3,'2024'),(20,2,4,'2024'),(20,2,5,'2024'),(20,2,6,'2024'),(20,2,7,'2024'),(20,2,8,'2024'),(20,2,9,'2024'),(20,2,10,'2024'),(21,2,1,'2024'),(21,2,2,'2024'),(21,2,3,'2024'),(21,2,4,'2024'),(21,2,5,'2024'),(21,2,6,'2024'),(21,2,7,'2024'),(21,2,8,'2024'),(21,2,9,'2024'),(21,2,10,'2024'),(22,2,1,'2024'),(22,2,2,'2024'),(22,2,3,'2024'),(22,2,4,'2024'),(22,2,5,'2024'),(22,2,6,'2024'),(22,2,7,'2024'),(22,2,8,'2024'),(22,2,9,'2024'),(22,2,10,'2024'),(23,2,1,'2024'),(23,2,2,'2024'),(23,2,3,'2024'),(23,2,4,'2024'),(23,2,5,'2024'),(23,2,6,'2024'),(23,2,7,'2024'),(23,2,8,'2024'),(23,2,9,'2024'),(23,2,10,'2024'),(24,2,1,'2024'),(24,2,2,'2024'),(24,2,3,'2024'),(24,2,4,'2024'),(24,2,5,'2024'),(24,2,6,'2024'),(24,2,7,'2024'),(24,2,8,'2024'),(24,2,9,'2024'),(24,2,10,'2024'),(25,2,1,'2024'),(25,2,2,'2024'),(25,2,3,'2024'),(25,2,4,'2024'),(25,2,5,'2024'),(25,2,6,'2024'),(25,2,7,'2024'),(25,2,8,'2024'),(25,2,9,'2024'),(25,2,10,'2024'),(26,2,1,'2024'),(26,2,2,'2024'),(26,2,3,'2024'),(26,2,4,'2024'),(26,2,5,'2024'),(26,2,6,'2024'),(26,2,7,'2024'),(26,2,8,'2024'),(26,2,9,'2024'),(26,2,10,'2024'),(27,2,1,'2024'),(27,2,2,'2024'),(27,2,3,'2024'),(27,2,4,'2024'),(27,2,5,'2024'),(27,2,6,'2024'),(27,2,7,'2024'),(27,2,8,'2024'),(27,2,9,'2024'),(27,2,10,'2024'),(28,2,1,'2024'),(28,2,2,'2024'),(28,2,3,'2024'),(28,2,4,'2024'),(28,2,5,'2024'),(28,2,6,'2024'),(28,2,7,'2024'),(28,2,8,'2024'),(28,2,9,'2024'),(28,2,10,'2024'),(29,3,1,'2024'),(29,3,2,'2024'),(29,3,3,'2024'),(29,3,4,'2024'),(29,3,5,'2024'),(29,3,6,'2024'),(29,3,7,'2024'),(29,3,8,'2024'),(29,3,9,'2024'),(29,3,10,'2024'),(30,3,1,'2024'),(30,3,2,'2024'),(30,3,3,'2024'),(30,3,4,'2024'),(30,3,5,'2024'),(30,3,6,'2024'),(30,3,7,'2024'),(30,3,8,'2024'),(30,3,9,'2024'),(30,3,10,'2024'),(31,3,1,'2024'),(31,3,2,'2024'),(31,3,3,'2024'),(31,3,4,'2024'),(31,3,5,'2024'),(31,3,6,'2024'),(31,3,7,'2024'),(31,3,8,'2024'),(31,3,9,'2024'),(31,3,10,'2024'),(32,3,1,'2024'),(32,3,2,'2024'),(32,3,3,'2024'),(32,3,4,'2024'),(32,3,5,'2024'),(32,3,6,'2024'),(32,3,7,'2024'),(32,3,8,'2024'),(32,3,9,'2024'),(32,3,10,'2024'),(33,3,1,'2024'),(33,3,2,'2024'),(33,3,3,'2024'),(33,3,4,'2024'),(33,3,5,'2024'),(33,3,6,'2024'),(33,3,7,'2024'),(33,3,8,'2024'),(33,3,9,'2024'),(33,3,10,'2024'),(34,3,1,'2024'),(34,3,2,'2024'),(34,3,3,'2024'),(34,3,4,'2024'),(34,3,5,'2024'),(34,3,6,'2024'),(34,3,7,'2024'),(34,3,8,'2024'),(34,3,9,'2024'),(34,3,10,'2024'),(35,3,1,'2024'),(35,3,2,'2024'),(35,3,3,'2024'),(35,3,4,'2024'),(35,3,5,'2024'),(35,3,6,'2024'),(35,3,7,'2024'),(35,3,8,'2024'),(35,3,9,'2024'),(35,3,10,'2024'),(36,3,1,'2024'),(36,3,2,'2024'),(36,3,3,'2024'),(36,3,4,'2024'),(36,3,5,'2024'),(36,3,6,'2024'),(36,3,7,'2024'),(36,3,8,'2024'),(36,3,9,'2024'),(36,3,10,'2024'),(37,3,1,'2024'),(37,3,2,'2024'),(37,3,3,'2024'),(37,3,4,'2024'),(37,3,5,'2024'),(37,3,6,'2024'),(37,3,7,'2024'),(37,3,8,'2024'),(37,3,9,'2024'),(37,3,10,'2024'),(38,3,1,'2024'),(38,3,2,'2024'),(38,3,3,'2024'),(38,3,4,'2024'),(38,3,5,'2024'),(38,3,6,'2024'),(38,3,7,'2024'),(38,3,8,'2024'),(38,3,9,'2024'),(38,3,10,'2024'),(39,3,1,'2024'),(39,3,2,'2024'),(39,3,3,'2024'),(39,3,4,'2024'),(39,3,5,'2024'),(39,3,6,'2024'),(39,3,7,'2024'),(39,3,8,'2024'),(39,3,9,'2024'),(39,3,10,'2024'),(40,3,1,'2024'),(40,3,2,'2024'),(40,3,3,'2024'),(40,3,4,'2024'),(40,3,5,'2024'),(40,3,6,'2024'),(40,3,7,'2024'),(40,3,8,'2024'),(40,3,9,'2024'),(40,3,10,'2024'),(41,3,1,'2024'),(41,3,2,'2024'),(41,3,3,'2024'),(41,3,4,'2024'),(41,3,5,'2024'),(41,3,6,'2024'),(41,3,7,'2024'),(41,3,8,'2024'),(41,3,9,'2024'),(41,3,10,'2024'),(42,3,1,'2024'),(42,3,2,'2024'),(42,3,3,'2024'),(42,3,4,'2024'),(42,3,5,'2024'),(42,3,6,'2024'),(42,3,7,'2024'),(42,3,8,'2024'),(42,3,9,'2024'),(42,3,10,'2024'),(43,4,1,'2024'),(43,4,2,'2024'),(43,4,3,'2024'),(43,4,4,'2024'),(43,4,5,'2024'),(43,4,6,'2024'),(43,4,7,'2024'),(43,4,8,'2024'),(43,4,9,'2024'),(43,4,10,'2024'),(44,4,1,'2024'),(44,4,2,'2024'),(44,4,3,'2024'),(44,4,4,'2024'),(44,4,5,'2024'),(44,4,6,'2024'),(44,4,7,'2024'),(44,4,8,'2024'),(44,4,9,'2024'),(44,4,10,'2024'),(45,4,1,'2024'),(45,4,2,'2024'),(45,4,3,'2024'),(45,4,4,'2024'),(45,4,5,'2024'),(45,4,6,'2024'),(45,4,7,'2024'),(45,4,8,'2024'),(45,4,9,'2024'),(45,4,10,'2024'),(46,4,1,'2024'),(46,4,2,'2024'),(46,4,3,'2024'),(46,4,4,'2024'),(46,4,5,'2024'),(46,4,6,'2024'),(46,4,7,'2024'),(46,4,8,'2024'),(46,4,9,'2024'),(46,4,10,'2024'),(47,4,1,'2024'),(47,4,2,'2024'),(47,4,3,'2024'),(47,4,4,'2024'),(47,4,5,'2024'),(47,4,6,'2024'),(47,4,7,'2024'),(47,4,8,'2024'),(47,4,9,'2024'),(47,4,10,'2024'),(48,4,1,'2024'),(48,4,2,'2024'),(48,4,3,'2024'),(48,4,4,'2024'),(48,4,5,'2024'),(48,4,6,'2024'),(48,4,7,'2024'),(48,4,8,'2024'),(48,4,9,'2024'),(48,4,10,'2024'),(49,4,1,'2024'),(49,4,2,'2024'),(49,4,3,'2024'),(49,4,4,'2024'),(49,4,5,'2024'),(49,4,6,'2024'),(49,4,7,'2024'),(49,4,8,'2024'),(49,4,9,'2024'),(49,4,10,'2024'),(50,4,1,'2024'),(50,4,2,'2024'),(50,4,3,'2024'),(50,4,4,'2024'),(50,4,5,'2024'),(50,4,6,'2024'),(50,4,7,'2024'),(50,4,8,'2024'),(50,4,9,'2024'),(50,4,10,'2024'),(51,4,1,'2024'),(51,4,2,'2024'),(51,4,3,'2024'),(51,4,4,'2024'),(51,4,5,'2024'),(51,4,6,'2024'),(51,4,7,'2024'),(51,4,8,'2024'),(51,4,9,'2024'),(51,4,10,'2024'),(52,4,1,'2024'),(52,4,2,'2024'),(52,4,3,'2024'),(52,4,4,'2024'),(52,4,5,'2024'),(52,4,6,'2024'),(52,4,7,'2024'),(52,4,8,'2024'),(52,4,9,'2024'),(52,4,10,'2024'),(53,4,1,'2024'),(53,4,2,'2024'),(53,4,3,'2024'),(53,4,4,'2024'),(53,4,5,'2024'),(53,4,6,'2024'),(53,4,7,'2024'),(53,4,8,'2024'),(53,4,9,'2024'),(53,4,10,'2024'),(54,4,1,'2024'),(54,4,2,'2024'),(54,4,3,'2024'),(54,4,4,'2024'),(54,4,5,'2024'),(54,4,6,'2024'),(54,4,7,'2024'),(54,4,8,'2024'),(54,4,9,'2024'),(54,4,10,'2024'),(55,4,1,'2024'),(55,4,2,'2024'),(55,4,3,'2024'),(55,4,4,'2024'),(55,4,5,'2024'),(55,4,6,'2024'),(55,4,7,'2024'),(55,4,8,'2024'),(55,4,9,'2024'),(55,4,10,'2024'),(56,4,1,'2024'),(56,4,2,'2024'),(56,4,3,'2024'),(56,4,4,'2024'),(56,4,5,'2024'),(56,4,6,'2024'),(56,4,7,'2024'),(56,4,8,'2024'),(56,4,9,'2024'),(56,4,10,'2024'),(57,5,1,'2024'),(57,5,2,'2024'),(57,5,3,'2024'),(57,5,4,'2024'),(57,5,5,'2024'),(57,5,6,'2024'),(57,5,7,'2024'),(57,5,8,'2024'),(57,5,9,'2024'),(57,5,10,'2024'),(58,5,1,'2024'),(58,5,2,'2024'),(58,5,3,'2024'),(58,5,4,'2024'),(58,5,5,'2024'),(58,5,6,'2024'),(58,5,7,'2024'),(58,5,8,'2024'),(58,5,9,'2024'),(58,5,10,'2024'),(59,5,1,'2024'),(59,5,2,'2024'),(59,5,3,'2024'),(59,5,4,'2024'),(59,5,5,'2024'),(59,5,6,'2024'),(59,5,7,'2024'),(59,5,8,'2024'),(59,5,9,'2024'),(59,5,10,'2024'),(60,5,1,'2024'),(60,5,2,'2024'),(60,5,3,'2024'),(60,5,4,'2024'),(60,5,5,'2024'),(60,5,6,'2024'),(60,5,7,'2024'),(60,5,8,'2024'),(60,5,9,'2024'),(60,5,10,'2024'),(61,5,1,'2024'),(61,5,2,'2024'),(61,5,3,'2024'),(61,5,4,'2024'),(61,5,5,'2024'),(61,5,6,'2024'),(61,5,7,'2024'),(61,5,8,'2024'),(61,5,9,'2024'),(61,5,10,'2024'),(62,5,1,'2024'),(62,5,2,'2024'),(62,5,3,'2024'),(62,5,4,'2024'),(62,5,5,'2024'),(62,5,6,'2024'),(62,5,7,'2024'),(62,5,8,'2024'),(62,5,9,'2024'),(62,5,10,'2024'),(63,5,1,'2024'),(63,5,2,'2024'),(63,5,3,'2024'),(63,5,4,'2024'),(63,5,5,'2024'),(63,5,6,'2024'),(63,5,7,'2024'),(63,5,8,'2024'),(63,5,9,'2024'),(63,5,10,'2024'),(64,5,1,'2024'),(64,5,2,'2024'),(64,5,3,'2024'),(64,5,4,'2024'),(64,5,5,'2024'),(64,5,6,'2024'),(64,5,7,'2024'),(64,5,8,'2024'),(64,5,9,'2024'),(64,5,10,'2024'),(65,5,1,'2024'),(65,5,2,'2024'),(65,5,3,'2024'),(65,5,4,'2024'),(65,5,5,'2024'),(65,5,6,'2024'),(65,5,7,'2024'),(65,5,8,'2024'),(65,5,9,'2024'),(65,5,10,'2024'),(66,5,1,'2024'),(66,5,2,'2024'),(66,5,3,'2024'),(66,5,4,'2024'),(66,5,5,'2024'),(66,5,6,'2024'),(66,5,7,'2024'),(66,5,8,'2024'),(66,5,9,'2024'),(66,5,10,'2024'),(67,5,1,'2024'),(67,5,2,'2024'),(67,5,3,'2024'),(67,5,4,'2024'),(67,5,5,'2024'),(67,5,6,'2024'),(67,5,7,'2024'),(67,5,8,'2024'),(67,5,9,'2024'),(67,5,10,'2024'),(68,5,1,'2024'),(68,5,2,'2024'),(68,5,3,'2024'),(68,5,4,'2024'),(68,5,5,'2024'),(68,5,6,'2024'),(68,5,7,'2024'),(68,5,8,'2024'),(68,5,9,'2024'),(68,5,10,'2024'),(69,5,1,'2024'),(69,5,2,'2024'),(69,5,3,'2024'),(69,5,4,'2024'),(69,5,5,'2024'),(69,5,6,'2024'),(69,5,7,'2024'),(69,5,8,'2024'),(69,5,9,'2024'),(69,5,10,'2024'),(70,5,1,'2024'),(70,5,2,'2024'),(70,5,3,'2024'),(70,5,4,'2024'),(70,5,5,'2024'),(70,5,6,'2024'),(70,5,7,'2024'),(70,5,8,'2024'),(70,5,9,'2024'),(70,5,10,'2024'),(71,6,1,'2024'),(71,6,2,'2024'),(71,6,3,'2024'),(71,6,4,'2024'),(71,6,5,'2024'),(71,6,6,'2024'),(71,6,7,'2024'),(71,6,8,'2024'),(71,6,9,'2024'),(71,6,10,'2024'),(72,6,1,'2024'),(72,6,2,'2024'),(72,6,3,'2024'),(72,6,4,'2024'),(72,6,5,'2024'),(72,6,6,'2024'),(72,6,7,'2024'),(72,6,8,'2024'),(72,6,9,'2024'),(72,6,10,'2024'),(73,6,1,'2024'),(73,6,2,'2024'),(73,6,3,'2024'),(73,6,4,'2024'),(73,6,5,'2024'),(73,6,6,'2024'),(73,6,7,'2024'),(73,6,8,'2024'),(73,6,9,'2024'),(73,6,10,'2024'),(74,6,1,'2024'),(74,6,2,'2024'),(74,6,3,'2024'),(74,6,4,'2024'),(74,6,5,'2024'),(74,6,6,'2024'),(74,6,7,'2024'),(74,6,8,'2024'),(74,6,9,'2024'),(74,6,10,'2024'),(75,6,1,'2024'),(75,6,2,'2024'),(75,6,3,'2024'),(75,6,4,'2024'),(75,6,5,'2024'),(75,6,6,'2024'),(75,6,7,'2024'),(75,6,8,'2024'),(75,6,9,'2024'),(75,6,10,'2024'),(76,6,1,'2024'),(76,6,2,'2024'),(76,6,3,'2024'),(76,6,4,'2024'),(76,6,5,'2024'),(76,6,6,'2024'),(76,6,7,'2024'),(76,6,8,'2024'),(76,6,9,'2024'),(76,6,10,'2024'),(77,6,1,'2024'),(77,6,2,'2024'),(77,6,3,'2024'),(77,6,4,'2024'),(77,6,5,'2024'),(77,6,6,'2024'),(77,6,7,'2024'),(77,6,8,'2024'),(77,6,9,'2024'),(77,6,10,'2024'),(78,6,1,'2024'),(78,6,2,'2024'),(78,6,3,'2024'),(78,6,4,'2024'),(78,6,5,'2024'),(78,6,6,'2024'),(78,6,7,'2024'),(78,6,8,'2024'),(78,6,9,'2024'),(78,6,10,'2024'),(79,6,1,'2024'),(79,6,2,'2024'),(79,6,3,'2024'),(79,6,4,'2024'),(79,6,5,'2024'),(79,6,6,'2024'),(79,6,7,'2024'),(79,6,8,'2024'),(79,6,9,'2024'),(79,6,10,'2024'),(80,6,1,'2024'),(80,6,2,'2024'),(80,6,3,'2024'),(80,6,4,'2024'),(80,6,5,'2024'),(80,6,6,'2024'),(80,6,7,'2024'),(80,6,8,'2024'),(80,6,9,'2024'),(80,6,10,'2024'),(81,6,1,'2024'),(81,6,2,'2024'),(81,6,3,'2024'),(81,6,4,'2024'),(81,6,5,'2024'),(81,6,6,'2024'),(81,6,7,'2024'),(81,6,8,'2024'),(81,6,9,'2024'),(81,6,10,'2024'),(82,6,1,'2024'),(82,6,2,'2024'),(82,6,3,'2024'),(82,6,4,'2024'),(82,6,5,'2024'),(82,6,6,'2024'),(82,6,7,'2024'),(82,6,8,'2024'),(82,6,9,'2024'),(82,6,10,'2024'),(83,6,1,'2024'),(83,6,2,'2024'),(83,6,3,'2024'),(83,6,4,'2024'),(83,6,5,'2024'),(83,6,6,'2024'),(83,6,7,'2024'),(83,6,8,'2024'),(83,6,9,'2024'),(83,6,10,'2024'),(84,6,1,'2024'),(84,6,2,'2024'),(84,6,3,'2024'),(84,6,4,'2024'),(84,6,5,'2024'),(84,6,6,'2024'),(84,6,7,'2024'),(84,6,8,'2024'),(84,6,9,'2024'),(84,6,10,'2024'),(85,7,1,'2024'),(85,7,2,'2024'),(85,7,3,'2024'),(85,7,4,'2024'),(85,7,5,'2024'),(85,7,6,'2024'),(85,7,7,'2024'),(85,7,8,'2024'),(85,7,9,'2024'),(85,7,10,'2024'),(86,7,1,'2024'),(86,7,2,'2024'),(86,7,3,'2024'),(86,7,4,'2024'),(86,7,5,'2024'),(86,7,6,'2024'),(86,7,7,'2024'),(86,7,8,'2024'),(86,7,9,'2024'),(86,7,10,'2024'),(87,7,1,'2024'),(87,7,2,'2024'),(87,7,3,'2024'),(87,7,4,'2024'),(87,7,5,'2024'),(87,7,6,'2024'),(87,7,7,'2024'),(87,7,8,'2024'),(87,7,9,'2024'),(87,7,10,'2024'),(88,7,1,'2024'),(88,7,2,'2024'),(88,7,3,'2024'),(88,7,4,'2024'),(88,7,5,'2024'),(88,7,6,'2024'),(88,7,7,'2024'),(88,7,8,'2024'),(88,7,9,'2024'),(88,7,10,'2024'),(89,7,1,'2024'),(89,7,2,'2024'),(89,7,3,'2024'),(89,7,4,'2024'),(89,7,5,'2024'),(89,7,6,'2024'),(89,7,7,'2024'),(89,7,8,'2024'),(89,7,9,'2024'),(89,7,10,'2024'),(90,7,1,'2024'),(90,7,2,'2024'),(90,7,3,'2024'),(90,7,4,'2024'),(90,7,5,'2024'),(90,7,6,'2024'),(90,7,7,'2024'),(90,7,8,'2024'),(90,7,9,'2024'),(90,7,10,'2024'),(91,7,1,'2024'),(91,7,2,'2024'),(91,7,3,'2024'),(91,7,4,'2024'),(91,7,5,'2024'),(91,7,6,'2024'),(91,7,7,'2024'),(91,7,8,'2024'),(91,7,9,'2024'),(91,7,10,'2024'),(92,7,1,'2024'),(92,7,2,'2024'),(92,7,3,'2024'),(92,7,4,'2024'),(92,7,5,'2024'),(92,7,6,'2024'),(92,7,7,'2024'),(92,7,8,'2024'),(92,7,9,'2024'),(92,7,10,'2024'),(93,7,1,'2024'),(93,7,2,'2024'),(93,7,3,'2024'),(93,7,4,'2024'),(93,7,5,'2024'),(93,7,6,'2024'),(93,7,7,'2024'),(93,7,8,'2024'),(93,7,9,'2024'),(93,7,10,'2024'),(94,7,1,'2024'),(94,7,2,'2024'),(94,7,3,'2024'),(94,7,4,'2024'),(94,7,5,'2024'),(94,7,6,'2024'),(94,7,7,'2024'),(94,7,8,'2024'),(94,7,9,'2024'),(94,7,10,'2024'),(95,7,1,'2024'),(95,7,2,'2024'),(95,7,3,'2024'),(95,7,4,'2024'),(95,7,5,'2024'),(95,7,6,'2024'),(95,7,7,'2024'),(95,7,8,'2024'),(95,7,9,'2024'),(95,7,10,'2024'),(96,7,1,'2024'),(96,7,2,'2024'),(96,7,3,'2024'),(96,7,4,'2024'),(96,7,5,'2024'),(96,7,6,'2024'),(96,7,7,'2024'),(96,7,8,'2024'),(96,7,9,'2024'),(96,7,10,'2024'),(97,7,1,'2024'),(97,7,2,'2024'),(97,7,3,'2024'),(97,7,4,'2024'),(97,7,5,'2024'),(97,7,6,'2024'),(97,7,7,'2024'),(97,7,8,'2024'),(97,7,9,'2024'),(97,7,10,'2024'),(98,7,1,'2024'),(98,7,2,'2024'),(98,7,3,'2024'),(98,7,4,'2024'),(98,7,5,'2024'),(98,7,6,'2024'),(98,7,7,'2024'),(98,7,8,'2024'),(98,7,9,'2024'),(98,7,10,'2024'),(99,8,1,'2024'),(99,8,2,'2024'),(99,8,3,'2024'),(99,8,4,'2024'),(99,8,5,'2024'),(99,8,6,'2024'),(99,8,7,'2024'),(99,8,8,'2024'),(99,8,9,'2024'),(99,8,10,'2024'),(100,8,1,'2024'),(100,8,2,'2024'),(100,8,3,'2024'),(100,8,4,'2024'),(100,8,5,'2024'),(100,8,6,'2024'),(100,8,7,'2024'),(100,8,8,'2024'),(100,8,9,'2024'),(100,8,10,'2024'),(101,8,1,'2024'),(101,8,2,'2024'),(101,8,3,'2024'),(101,8,4,'2024'),(101,8,5,'2024'),(101,8,6,'2024'),(101,8,7,'2024'),(101,8,8,'2024'),(101,8,9,'2024'),(101,8,10,'2024'),(102,8,1,'2024'),(102,8,2,'2024'),(102,8,3,'2024'),(102,8,4,'2024'),(102,8,5,'2024'),(102,8,6,'2024'),(102,8,7,'2024'),(102,8,8,'2024'),(102,8,9,'2024'),(102,8,10,'2024'),(103,8,1,'2024'),(103,8,2,'2024'),(103,8,3,'2024'),(103,8,4,'2024'),(103,8,5,'2024'),(103,8,6,'2024'),(103,8,7,'2024'),(103,8,8,'2024'),(103,8,9,'2024'),(103,8,10,'2024'),(104,8,1,'2024'),(104,8,2,'2024'),(104,8,3,'2024'),(104,8,4,'2024'),(104,8,5,'2024'),(104,8,6,'2024'),(104,8,7,'2024'),(104,8,8,'2024'),(104,8,9,'2024'),(104,8,10,'2024'),(105,8,1,'2024'),(105,8,2,'2024'),(105,8,3,'2024'),(105,8,4,'2024'),(105,8,5,'2024'),(105,8,6,'2024'),(105,8,7,'2024'),(105,8,8,'2024'),(105,8,9,'2024'),(105,8,10,'2024'),(106,8,1,'2024'),(106,8,2,'2024'),(106,8,3,'2024'),(106,8,4,'2024'),(106,8,5,'2024'),(106,8,6,'2024'),(106,8,7,'2024'),(106,8,8,'2024'),(106,8,9,'2024'),(106,8,10,'2024'),(107,8,1,'2024'),(107,8,2,'2024'),(107,8,3,'2024'),(107,8,4,'2024'),(107,8,5,'2024'),(107,8,6,'2024'),(107,8,7,'2024'),(107,8,8,'2024'),(107,8,9,'2024'),(107,8,10,'2024'),(108,8,1,'2024'),(108,8,2,'2024'),(108,8,3,'2024'),(108,8,4,'2024'),(108,8,5,'2024'),(108,8,6,'2024'),(108,8,7,'2024'),(108,8,8,'2024'),(108,8,9,'2024'),(108,8,10,'2024'),(109,8,1,'2024'),(109,8,2,'2024'),(109,8,3,'2024'),(109,8,4,'2024'),(109,8,5,'2024'),(109,8,6,'2024'),(109,8,7,'2024'),(109,8,8,'2024'),(109,8,9,'2024'),(109,8,10,'2024'),(110,8,1,'2024'),(110,8,2,'2024'),(110,8,3,'2024'),(110,8,4,'2024'),(110,8,5,'2024'),(110,8,6,'2024'),(110,8,7,'2024'),(110,8,8,'2024'),(110,8,9,'2024'),(110,8,10,'2024'),(111,8,1,'2024'),(111,8,2,'2024'),(111,8,3,'2024'),(111,8,4,'2024'),(111,8,5,'2024'),(111,8,6,'2024'),(111,8,7,'2024'),(111,8,8,'2024'),(111,8,9,'2024'),(111,8,10,'2024'),(112,8,1,'2024'),(112,8,2,'2024'),(112,8,3,'2024'),(112,8,4,'2024'),(112,8,5,'2024'),(112,8,6,'2024'),(112,8,7,'2024'),(112,8,8,'2024'),(112,8,9,'2024'),(112,8,10,'2024'),(113,9,1,'2024'),(113,9,2,'2024'),(113,9,3,'2024'),(113,9,4,'2024'),(113,9,5,'2024'),(113,9,6,'2024'),(113,9,7,'2024'),(113,9,8,'2024'),(113,9,9,'2024'),(113,9,10,'2024'),(114,9,1,'2024'),(114,9,2,'2024'),(114,9,3,'2024'),(114,9,4,'2024'),(114,9,5,'2024'),(114,9,6,'2024'),(114,9,7,'2024'),(114,9,8,'2024'),(114,9,9,'2024'),(114,9,10,'2024'),(115,9,1,'2024'),(115,9,2,'2024'),(115,9,3,'2024'),(115,9,4,'2024'),(115,9,5,'2024'),(115,9,6,'2024'),(115,9,7,'2024'),(115,9,8,'2024'),(115,9,9,'2024'),(115,9,10,'2024'),(116,9,1,'2024'),(116,9,2,'2024'),(116,9,3,'2024'),(116,9,4,'2024'),(116,9,5,'2024'),(116,9,6,'2024'),(116,9,7,'2024'),(116,9,8,'2024'),(116,9,9,'2024'),(116,9,10,'2024'),(117,9,1,'2024'),(117,9,2,'2024'),(117,9,3,'2024'),(117,9,4,'2024'),(117,9,5,'2024'),(117,9,6,'2024'),(117,9,7,'2024'),(117,9,8,'2024'),(117,9,9,'2024'),(117,9,10,'2024'),(118,9,1,'2024'),(118,9,2,'2024'),(118,9,3,'2024'),(118,9,4,'2024'),(118,9,5,'2024'),(118,9,6,'2024'),(118,9,7,'2024'),(118,9,8,'2024'),(118,9,9,'2024'),(118,9,10,'2024'),(119,9,1,'2024'),(119,9,2,'2024'),(119,9,3,'2024'),(119,9,4,'2024'),(119,9,5,'2024'),(119,9,6,'2024'),(119,9,7,'2024'),(119,9,8,'2024'),(119,9,9,'2024'),(119,9,10,'2024'),(120,9,1,'2024'),(120,9,2,'2024'),(120,9,3,'2024'),(120,9,4,'2024'),(120,9,5,'2024'),(120,9,6,'2024'),(120,9,7,'2024'),(120,9,8,'2024'),(120,9,9,'2024'),(120,9,10,'2024'),(121,9,1,'2024'),(121,9,2,'2024'),(121,9,3,'2024'),(121,9,4,'2024'),(121,9,5,'2024'),(121,9,6,'2024'),(121,9,7,'2024'),(121,9,8,'2024'),(121,9,9,'2024'),(121,9,10,'2024'),(122,9,1,'2024'),(122,9,2,'2024'),(122,9,3,'2024'),(122,9,4,'2024'),(122,9,5,'2024'),(122,9,6,'2024'),(122,9,7,'2024'),(122,9,8,'2024'),(122,9,9,'2024'),(122,9,10,'2024'),(123,9,1,'2024'),(123,9,2,'2024'),(123,9,3,'2024'),(123,9,4,'2024'),(123,9,5,'2024'),(123,9,6,'2024'),(123,9,7,'2024'),(123,9,8,'2024'),(123,9,9,'2024'),(123,9,10,'2024'),(124,9,1,'2024'),(124,9,2,'2024'),(124,9,3,'2024'),(124,9,4,'2024'),(124,9,5,'2024'),(124,9,6,'2024'),(124,9,7,'2024'),(124,9,8,'2024'),(124,9,9,'2024'),(124,9,10,'2024'),(125,9,1,'2024'),(125,9,2,'2024'),(125,9,3,'2024'),(125,9,4,'2024'),(125,9,5,'2024'),(125,9,6,'2024'),(125,9,7,'2024'),(125,9,8,'2024'),(125,9,9,'2024'),(125,9,10,'2024'),(126,9,1,'2024'),(126,9,2,'2024'),(126,9,3,'2024'),(126,9,4,'2024'),(126,9,5,'2024'),(126,9,6,'2024'),(126,9,7,'2024'),(126,9,8,'2024'),(126,9,9,'2024'),(126,9,10,'2024'),(127,10,1,'2024'),(127,10,2,'2024'),(127,10,3,'2024'),(127,10,4,'2024'),(127,10,5,'2024'),(127,10,6,'2024'),(127,10,7,'2024'),(127,10,8,'2024'),(127,10,9,'2024'),(127,10,10,'2024'),(128,10,1,'2024'),(128,10,2,'2024'),(128,10,3,'2024'),(128,10,4,'2024'),(128,10,5,'2024'),(128,10,6,'2024'),(128,10,7,'2024'),(128,10,8,'2024'),(128,10,9,'2024'),(128,10,10,'2024'),(129,10,1,'2024'),(129,10,2,'2024'),(129,10,3,'2024'),(129,10,4,'2024'),(129,10,5,'2024'),(129,10,6,'2024'),(129,10,7,'2024'),(129,10,8,'2024'),(129,10,9,'2024'),(129,10,10,'2024'),(130,10,1,'2024'),(130,10,2,'2024'),(130,10,3,'2024'),(130,10,4,'2024'),(130,10,5,'2024'),(130,10,6,'2024'),(130,10,7,'2024'),(130,10,8,'2024'),(130,10,9,'2024'),(130,10,10,'2024'),(131,10,1,'2024'),(131,10,2,'2024'),(131,10,3,'2024'),(131,10,4,'2024'),(131,10,5,'2024'),(131,10,6,'2024'),(131,10,7,'2024'),(131,10,8,'2024'),(131,10,9,'2024'),(131,10,10,'2024'),(132,10,1,'2024'),(132,10,2,'2024'),(132,10,3,'2024'),(132,10,4,'2024'),(132,10,5,'2024'),(132,10,6,'2024'),(132,10,7,'2024'),(132,10,8,'2024'),(132,10,9,'2024'),(132,10,10,'2024'),(133,10,1,'2024'),(133,10,2,'2024'),(133,10,3,'2024'),(133,10,4,'2024'),(133,10,5,'2024'),(133,10,6,'2024'),(133,10,7,'2024'),(133,10,8,'2024'),(133,10,9,'2024'),(133,10,10,'2024'),(134,10,1,'2024'),(134,10,2,'2024'),(134,10,3,'2024'),(134,10,4,'2024'),(134,10,5,'2024'),(134,10,6,'2024'),(134,10,7,'2024'),(134,10,8,'2024'),(134,10,9,'2024'),(134,10,10,'2024'),(135,10,1,'2024'),(135,10,2,'2024'),(135,10,3,'2024'),(135,10,4,'2024'),(135,10,5,'2024'),(135,10,6,'2024'),(135,10,7,'2024'),(135,10,8,'2024'),(135,10,9,'2024'),(135,10,10,'2024'),(136,10,1,'2024'),(136,10,2,'2024'),(136,10,3,'2024'),(136,10,4,'2024'),(136,10,5,'2024'),(136,10,6,'2024'),(136,10,7,'2024'),(136,10,8,'2024'),(136,10,9,'2024'),(136,10,10,'2024'),(137,10,1,'2024'),(137,10,2,'2024'),(137,10,3,'2024'),(137,10,4,'2024'),(137,10,5,'2024'),(137,10,6,'2024'),(137,10,7,'2024'),(137,10,8,'2024'),(137,10,9,'2024'),(137,10,10,'2024'),(138,10,1,'2024'),(138,10,2,'2024'),(138,10,3,'2024'),(138,10,4,'2024'),(138,10,5,'2024'),(138,10,6,'2024'),(138,10,7,'2024'),(138,10,8,'2024'),(138,10,9,'2024'),(138,10,10,'2024'),(139,10,1,'2024'),(139,10,2,'2024'),(139,10,3,'2024'),(139,10,4,'2024'),(139,10,5,'2024'),(139,10,6,'2024'),(139,10,7,'2024'),(139,10,8,'2024'),(139,10,9,'2024'),(139,10,10,'2024'),(140,10,1,'2024'),(140,10,2,'2024'),(140,10,3,'2024'),(140,10,4,'2024'),(140,10,5,'2024'),(140,10,6,'2024'),(140,10,7,'2024'),(140,10,8,'2024'),(140,10,9,'2024'),(140,10,10,'2024'),(141,10,1,'2024'),(141,10,2,'2024'),(141,10,3,'2024'),(141,10,4,'2024'),(141,10,5,'2024'),(141,10,6,'2024'),(141,10,7,'2024'),(141,10,8,'2024'),(141,10,9,'2024'),(141,10,10,'2024'),(142,10,1,'2024'),(142,10,2,'2024'),(142,10,3,'2024'),(142,10,4,'2024'),(142,10,5,'2024'),(142,10,6,'2024'),(142,10,7,'2024'),(142,10,8,'2024'),(142,10,9,'2024'),(142,10,10,'2024'),(256,4,1,'2024'),(256,4,2,'2024'),(256,4,3,'2024'),(256,4,4,'2024'),(256,4,5,'2024'),(256,4,6,'2024'),(256,4,7,'2024'),(256,4,8,'2024'),(256,4,9,'2024'),(256,4,10,'2024'),(258,1,1,'2024'),(258,1,2,'2024'),(258,1,3,'2024'),(258,1,4,'2024'),(258,1,5,'2024'),(258,1,6,'2024'),(258,1,7,'2024'),(258,1,8,'2024'),(258,1,9,'2024'),(258,1,10,'2024'),(259,1,1,'2024'),(259,1,2,'2024'),(259,1,3,'2024'),(259,1,4,'2024'),(259,1,5,'2024'),(259,1,6,'2024'),(259,1,7,'2024'),(259,1,8,'2024'),(259,1,9,'2024'),(259,1,10,'2024');
/*!40000 ALTER TABLE `registration` ENABLE KEYS */;
UNLOCK TABLES;

--
-- Table structure for table `student`
--

DROP TABLE IF EXISTS `student`;
/*!40101 SET @saved_cs_client     = @@character_set_client */;
/*!50503 SET character_set_client = utf8mb4 */;
CREATE TABLE `student` (
  `idStudent` int(11) NOT NULL AUTO_INCREMENT,
  `UserID` int(11) NOT NULL,
  `ParentId` int(11) NOT NULL,
  `name` varchar(45) NOT NULL,
  `Gender` varchar(45) NOT NULL,
  `DOB` date NOT NULL,
  `Address` varchar(250) NOT NULL,
  PRIMARY KEY (`idStudent`),
  KEY `fk_Student_USER1_idx` (`UserID`),
  KEY `fk_Student_Parent1_idx` (`ParentId`),
  CONSTRAINT `fk_Student_Parent1` FOREIGN KEY (`ParentId`) REFERENCES `parent` (`idParent`) ON DELETE CASCADE ON UPDATE CASCADE,
  CONSTRAINT `fk_Student_USER1` FOREIGN KEY (`UserID`) REFERENCES `user` (`UserID`) ON DELETE CASCADE ON UPDATE CASCADE
) ENGINE=InnoDB AUTO_INCREMENT=260 DEFAULT CHARSET=utf8 COLLATE=utf8_general_ci;
/*!40101 SET character_set_client = @saved_cs_client */;

--
-- Dumping data for table `student`
--

LOCK TABLES `student` WRITE;
/*!40000 ALTER TABLE `student` DISABLE KEYS */;
INSERT INTO `student` VALUES (1,12,25,'Abdullah Malik','Male','2020-05-27','Johar'),(2,13,28,'Aiman Tariq','Male','2009-05-27','Clifton'),(3,14,2,'Areeba Faisal','Female','2022-05-27','Johar'),(4,15,8,'Arslan Haider','Female','2018-05-27','Johar'),(5,16,22,'Bushra Qureshi','Female','2014-05-27','Nazimabad'),(6,17,6,'Danish Ali','Female','2010-05-27','Nazimabad'),(7,18,27,'Eeman Asif','Male','2011-05-27','Clifton'),(8,19,5,'Faisal Khan','Female','2019-05-27','Johar'),(9,20,10,'Farah Naeem','Male','2014-05-27','Johar'),(10,21,8,'Hamza Saeed','Male','2017-05-27','Clifton'),(11,22,9,'Hira Shah','Female','2019-05-27','Nazimabad'),(12,23,21,'Ibrahim Shahid','Male','2016-05-27','Clifton'),(13,24,17,'Ifrah Malik','Male','2021-05-27','Clifton'),(14,25,16,'Junaid Iqbal','Female','2016-05-27','Nazimabad'),(15,26,2,'Kashan Ahmed','Male','2011-05-27','Nazimabad'),(16,27,11,'Laraib Ahmed','Male','2010-05-27','Nazimabad'),(17,28,17,'Mahnoor Raza','Male','2021-05-27','Clifton'),(18,29,20,'Maria Khan','Male','2016-05-27','Johar'),(19,30,23,'Mehwish Ali','Male','2008-05-27','Johar'),(20,31,17,'Muhammad Ali','Male','2017-05-27','Clifton'),(21,32,7,'Nida Kamal','Male','2014-05-27','Johar'),(22,33,8,'Omer Aziz','Male','2009-05-27','Nazimabad'),(23,34,1,'Qasim Farooq','Male','2011-05-27','Johar'),(24,35,16,'Raheel Ahmed','Male','2012-05-27','Nazimabad'),(25,36,15,'Sadia Aslam','Male','2024-05-27','Clifton'),(26,37,20,'Sameer Khan','Male','2021-05-27','Clifton'),(27,38,2,'Sanaullah Tariq','Female','2017-05-27','Clifton'),(28,39,17,'Shazia Pervez','Female','2020-05-27','Nazimabad'),(29,40,14,'Sohaib Hussain','Female','2015-05-27','Clifton'),(30,41,10,'Tariq Javed','Female','2008-05-27','Nazimabad'),(31,42,28,'Umer Farooq','Male','2013-05-27','Nazimabad'),(32,43,12,'Usman Ali','Male','2011-05-27','Clifton'),(33,44,29,'Waqas Iqbal','Female','2024-05-27','Johar'),(34,45,19,'Yasir Malik','Male','2023-05-27','Clifton'),(35,46,16,'Zara Sheikh','Female','2020-05-27','Clifton'),(36,47,30,'Zeeshan Shah','Female','2009-05-27','Nazimabad'),(37,48,5,'Ahsan Raza','Female','2017-05-27','Johar'),(38,49,30,'Alina Tariq','Female','2010-05-27','Clifton'),(39,50,21,'Amna Abbas','Male','2012-05-27','Clifton'),(40,51,14,'Anum Saeed','Male','2015-05-27','Clifton'),(41,52,22,'Arham Ali','Male','2018-05-27','Nazimabad'),(42,53,30,'Asad Khan','Female','2021-05-27','Nazimabad'),(43,54,7,'Aysha Mirza','Male','2019-05-27','Johar'),(44,55,9,'Dua Fatima','Male','2007-05-27','Clifton'),(45,56,7,'Ehsan Javed','Female','2007-05-27','Johar'),(46,57,3,'Faiza Malik','Male','2020-05-27','Johar'),(47,58,17,'Hammad Tariq','Male','2023-05-27','Nazimabad'),(48,59,18,'Hassan Raza','Female','2012-05-27','Johar'),(49,60,2,'Humaira Ahmed','Male','2008-05-27','Johar'),(50,61,7,'Irfan Khan','Female','2023-05-27','Johar'),(51,62,12,'Jawad Ahmed','Male','2009-05-27','Johar'),(52,63,7,'Kainat Bibi','Female','2019-05-27','Johar'),(53,64,11,'Laiba Ali','Female','2020-05-27','Johar'),(54,65,13,'Lubna Malik','Male','2015-05-27','Clifton'),(55,66,19,'Mahira Khan','Male','2023-05-27','Clifton'),(56,67,5,'Maira Shah','Male','2013-05-27','Nazimabad'),(57,68,4,'Mohsin Ali','Male','2010-05-27','Johar'),(58,69,27,'Muneeb Ahmed','Male','2008-05-27','Clifton'),(59,70,12,'Nabeel Khan','Female','2007-05-27','Nazimabad'),(60,71,5,'Nadia Saeed','Female','2007-05-27','Johar'),(61,72,21,'Naveed Raza','Female','2010-05-27','Johar'),(62,73,25,'Nimra Tariq','Male','2022-05-27','Nazimabad'),(63,74,3,'Rida Asif','Female','2016-05-27','Clifton'),(64,75,5,'Saad Ali','Female','2024-05-27','Johar'),(65,76,7,'Sara Javed','Female','2019-05-27','Johar'),(66,77,4,'Sumbul Raza','Male','2015-05-27','Nazimabad'),(67,78,24,'Aisha Bibi','Female','2007-05-27','Johar'),(68,79,30,'Omer Khan','Male','2020-05-27','Clifton'),(69,80,5,'Ali Raza','Female','2008-05-27','Johar'),(70,81,23,'Fatima Zahra','Male','2024-05-27','Clifton'),(71,82,24,'Hassan Ali','Female','2010-05-27','Nazimabad'),(72,83,14,'Khadija Noor','Female','2016-05-27','Johar'),(73,84,11,'Mariam Khan','Male','2016-05-27','Johar'),(74,85,19,'Noman Sheikh','Male','2012-05-27','Nazimabad'),(75,86,18,'Rabia Javed','Female','2014-05-27','Nazimabad'),(76,87,2,'Zainab Bibi','Female','2022-05-27','Clifton'),(77,88,28,'Abdullah Malik','Male','2017-05-27','Johar'),(78,89,1,'Aiman Tariq','Male','2019-05-27','Clifton'),(79,90,18,'Areeba Faisal','Female','2007-05-27','Clifton'),(80,91,12,'Arslan Haider','Female','2018-05-27','Clifton'),(81,92,14,'Bushra Qureshi','Female','2008-05-27','Nazimabad'),(82,93,24,'Danish Ali','Female','2014-05-27','Clifton'),(83,94,25,'Eeman Asif','Male','2007-05-27','Nazimabad'),(84,95,25,'Faisal Khan','Female','2024-05-27','Clifton'),(85,96,6,'Farah Naeem','Male','2014-05-27','Clifton'),(86,97,24,'Hamza Saeed','Male','2008-05-27','Clifton'),(87,98,4,'Hira Shah','Female','2015-05-27','Nazimabad'),(88,99,15,'Ibrahim Shahid','Male','2016-05-27','Johar'),(89,100,10,'Ifrah Malik','Male','2012-05-27','Johar'),(90,101,13,'Junaid Iqbal','Female','2022-05-27','Nazimabad'),(91,102,12,'Kashan Ahmed','Male','2018-05-27','Nazimabad'),(92,103,1,'Laraib Ahmed','Male','2007-05-27','Nazimabad'),(93,104,14,'Mahnoor Raza','Male','2012-05-27','Nazimabad'),(94,105,19,'Maria Khan','Male','2008-05-27','Nazimabad'),(95,106,19,'Mehwish Ali','Male','2021-05-27','Clifton'),(96,107,23,'Muhammad Ali','Male','2023-05-27','Johar'),(97,108,23,'Nida Kamal','Male','2011-05-27','Johar'),(98,109,14,'Omer Aziz','Male','2017-05-27','Clifton'),(99,110,21,'Qasim Farooq','Male','2022-05-27','Nazimabad'),(100,111,16,'Raheel Ahmed','Male','2008-05-27','Johar'),(101,112,26,'Sadia Aslam','Male','2019-05-27','Johar'),(102,113,8,'Sameer Khan','Male','2019-05-27','Johar'),(103,114,30,'Sanaullah Tariq','Female','2010-05-27','Johar'),(104,115,28,'Shazia Pervez','Female','2023-05-27','Nazimabad'),(105,116,23,'Sohaib Hussain','Female','2014-05-27','Johar'),(106,117,20,'Tariq Javed','Female','2007-05-27','Clifton'),(107,118,27,'Umer Farooq','Male','2024-05-27','Nazimabad'),(108,119,12,'Usman Ali','Male','2012-05-27','Johar'),(109,120,19,'Waqas Iqbal','Female','2023-05-27','Johar'),(110,121,24,'Yasir Malik','Male','2009-05-27','Nazimabad'),(111,122,19,'Zara Sheikh','Female','2010-05-27','Johar'),(112,123,8,'Zeeshan Shah','Female','2017-05-27','Clifton'),(113,124,10,'Ahsan Raza','Female','2019-05-27','Nazimabad'),(114,125,18,'Alina Tariq','Female','2014-05-27','Nazimabad'),(115,126,25,'Amna Abbas','Male','2015-05-27','Nazimabad'),(116,127,15,'Anum Saeed','Male','2008-05-27','Johar'),(117,128,3,'Arham Ali','Male','2010-05-27','Nazimabad'),(118,129,8,'Asad Khan','Female','2021-05-27','Clifton'),(119,130,25,'Aysha Mirza','Male','2011-05-27','Clifton'),(120,131,6,'Dua Fatima','Male','2019-05-27','Johar'),(121,132,15,'Ehsan Javed','Female','2019-05-27','Clifton'),(122,133,19,'Faiza Malik','Male','2020-05-27','Nazimabad'),(123,134,20,'Hammad Tariq','Male','2009-05-27','Nazimabad'),(124,135,9,'Hassan Raza','Female','2015-05-27','Clifton'),(125,136,23,'Humaira Ahmed','Male','2007-05-27','Clifton'),(126,137,11,'Irfan Khan','Female','2007-05-27','Johar'),(127,138,27,'Jawad Ahmed','Male','2019-05-27','Johar'),(128,139,16,'Kainat Bibi','Female','2012-05-27','Nazimabad'),(129,140,5,'Laiba Ali','Female','2013-05-27','Johar'),(130,141,21,'Lubna Malik','Male','2015-05-27','Johar'),(131,142,10,'Mahira Khan','Male','2020-05-27','Johar'),(132,143,8,'Maira Shah','Male','2016-05-27','Nazimabad'),(133,144,3,'Mohsin Ali','Male','2023-05-27','Johar'),(134,145,27,'Muneeb Ahmed','Male','2010-05-27','Nazimabad'),(135,146,25,'Nabeel Khan','Female','2014-05-27','Clifton'),(136,147,8,'Nadia Saeed','Female','2021-05-27','Nazimabad'),(137,148,27,'Naveed Raza','Female','2021-05-27','Nazimabad'),(138,149,22,'Nimra Tariq','Male','2008-05-27','Nazimabad'),(139,150,14,'Rida Asif','Female','2020-05-27','Nazimabad'),(140,151,25,'Saad Ali','Female','2010-05-27','Clifton'),(141,152,2,'Sara Javed','Female','2018-05-27','Nazimabad'),(142,153,13,'Sumbul Raza','Male','2012-05-27','Nazimabad'),(256,154,31,'KAshif','Male','2000-12-10','karachi'),(258,156,33,'Sumaira','Female','2024-12-31','Hyderabad'),(259,157,34,'Shahbaz','Male','2024-06-19','Korangi');
/*!40000 ALTER TABLE `student` ENABLE KEYS */;
UNLOCK TABLES;

--
-- Table structure for table `subject`
--

DROP TABLE IF EXISTS `subject`;
/*!40101 SET @saved_cs_client     = @@character_set_client */;
/*!50503 SET character_set_client = utf8mb4 */;
CREATE TABLE `subject` (
  `idSubject` int(11) NOT NULL AUTO_INCREMENT,
  `name` varchar(45) NOT NULL,
  PRIMARY KEY (`idSubject`)
) ENGINE=InnoDB AUTO_INCREMENT=11 DEFAULT CHARSET=utf8 COLLATE=utf8_general_ci;
/*!40101 SET character_set_client = @saved_cs_client */;

--
-- Dumping data for table `subject`
--

LOCK TABLES `subject` WRITE;
/*!40000 ALTER TABLE `subject` DISABLE KEYS */;
INSERT INTO `subject` VALUES (1,'Maths'),(2,'Science'),(3,'GK'),(4,'Islamiat'),(5,'Computer'),(6,'Art'),(7,'History'),(8,'Geography'),(9,'Literature'),(10,'Physical Education');
/*!40000 ALTER TABLE `subject` ENABLE KEYS */;
UNLOCK TABLES;

--
-- Table structure for table `teacher`
--

DROP TABLE IF EXISTS `teacher`;
/*!40101 SET @saved_cs_client     = @@character_set_client */;
/*!50503 SET character_set_client = utf8mb4 */;
CREATE TABLE `teacher` (
  `idTeacher` int(11) NOT NULL AUTO_INCREMENT,
  `userID` int(11) NOT NULL,
  `name` varchar(45) NOT NULL,
  `gender` varchar(10) NOT NULL,
  `email` varchar(45) DEFAULT NULL,
  `phone_no` varchar(45) DEFAULT NULL,
  `Education` varchar(45) NOT NULL,
  `Address` varchar(45) DEFAULT NULL,
  `DOB` date NOT NULL,
  `CNIC_NO` varchar(45) NOT NULL,
  `Date_of_joining` date NOT NULL,
  PRIMARY KEY (`idTeacher`),
  UNIQUE KEY `CNIC_NO_UNIQUE` (`CNIC_NO`),
  KEY `fk_Teacher_USER1_idx` (`userID`),
  CONSTRAINT `fk_Teacher_USER1` FOREIGN KEY (`userID`) REFERENCES `user` (`UserID`) ON DELETE CASCADE ON UPDATE CASCADE
) ENGINE=InnoDB AUTO_INCREMENT=11 DEFAULT CHARSET=utf8 COLLATE=utf8_general_ci;
/*!40101 SET character_set_client = @saved_cs_client */;

--
-- Dumping data for table `teacher`
--

LOCK TABLES `teacher` WRITE;
/*!40000 ALTER TABLE `teacher` DISABLE KEYS */;
INSERT INTO `teacher` VALUES (1,2,'Ali Raza','Female','aliraza@example.com','03688763350','BEd','Johar','1998-10-21','11111-517216-1','2024-02-27'),(2,3,'Ayesha Siddiqui','Female','ayeshasiddiqui@example.com','03570839568','BEd','Clifton','2018-09-04','11111-612907-1','2019-06-29'),(3,4,'Bilal Ahmed','Male','bilalahmed@example.com','03618907211','MSc','Johar','2017-02-11','11111-355462-1','2023-12-03'),(4,5,'Fatima Zahra','Male','fatimazahra@example.com','03174160259','MSc','Clifton','2021-02-08','11111-370012-1','2019-03-15'),(5,6,'Hassan Ali','Female','hassanali@example.com','03491967370','BEd','Clifton','2023-11-19','11111-390456-1','2015-05-28'),(6,7,'Khadija Noor','Female','khadijanoor@example.com','03330966028','BEd','Clifton','2001-03-11','11111-10932-1','2017-02-01'),(7,8,'Mariam Khan','Male','mariamkhan@example.com','03626859182','MSc','Clifton','2000-01-23','11111-244163-1','2016-07-22'),(8,9,'Noman Sheikh','Male','nomansheikh@example.com','03192586523','MSc','Johar','2010-07-24','11111-484702-1','2024-01-07'),(9,10,'Rabia Javed','Female','rabiajaved@example.com','03738378970','BEd','Johar','2004-05-29','11111-605163-1','2024-02-25'),(10,11,'Zainab Bibi','Female','zainabbibi@example.com','03310494277','BEd','Johar','2010-10-28','11111-833943-1','2016-04-19');
/*!40000 ALTER TABLE `teacher` ENABLE KEYS */;
UNLOCK TABLES;

--
-- Table structure for table `teacher_subjects`
--

DROP TABLE IF EXISTS `teacher_subjects`;
/*!40101 SET @saved_cs_client     = @@character_set_client */;
/*!50503 SET character_set_client = utf8mb4 */;
CREATE TABLE `teacher_subjects` (
  `TeacherId` int(11) NOT NULL,
  `SubID` int(11) NOT NULL,
  PRIMARY KEY (`TeacherId`,`SubID`),
  KEY `fk_Teacher_has_Subject_Subject1_idx` (`SubID`),
  KEY `fk_Teacher_has_Subject_Teacher1_idx` (`TeacherId`),
  CONSTRAINT `fk_Teacher_has_Subject_Subject1` FOREIGN KEY (`SubID`) REFERENCES `subject` (`idSubject`) ON DELETE CASCADE ON UPDATE CASCADE,
  CONSTRAINT `fk_Teacher_has_Subject_Teacher1` FOREIGN KEY (`TeacherId`) REFERENCES `teacher` (`idTeacher`) ON DELETE CASCADE ON UPDATE CASCADE
) ENGINE=InnoDB DEFAULT CHARSET=utf8 COLLATE=utf8_general_ci;
/*!40101 SET character_set_client = @saved_cs_client */;

--
-- Dumping data for table `teacher_subjects`
--

LOCK TABLES `teacher_subjects` WRITE;
/*!40000 ALTER TABLE `teacher_subjects` DISABLE KEYS */;
INSERT INTO `teacher_subjects` VALUES (1,1),(1,2),(1,5),(1,6),(1,10),(2,2),(2,3),(2,6),(2,7),(2,10),(3,1),(3,2),(3,7),(3,9),(3,10),(4,1),(4,5),(4,6),(4,7),(4,8),(5,1),(5,2),(5,3),(5,5),(5,9),(6,1),(6,3),(6,5),(6,8),(6,9),(7,1),(7,3),(7,4),(7,6),(7,10),(8,1),(8,2),(8,3),(8,4),(8,7),(9,4),(9,5),(9,6),(9,8),(9,10),(10,1),(10,4),(10,7),(10,8),(10,9);
/*!40000 ALTER TABLE `teacher_subjects` ENABLE KEYS */;
UNLOCK TABLES;

--
-- Table structure for table `user`
--

DROP TABLE IF EXISTS `user`;
/*!40101 SET @saved_cs_client     = @@character_set_client */;
/*!50503 SET character_set_client = utf8mb4 */;
CREATE TABLE `user` (
  `UserID` int(11) NOT NULL AUTO_INCREMENT,
  `username` varchar(45) NOT NULL,
  `password` varchar(45) DEFAULT NULL,
  `Role` enum('Teacher','Admin','Student') NOT NULL,
  PRIMARY KEY (`UserID`)
) ENGINE=InnoDB AUTO_INCREMENT=158 DEFAULT CHARSET=utf8 COLLATE=utf8_general_ci;
/*!40101 SET character_set_client = @saved_cs_client */;

--
-- Dumping data for table `user`
--

LOCK TABLES `user` WRITE;
/*!40000 ALTER TABLE `user` DISABLE KEYS */;
INSERT INTO `user` VALUES (1,'admin','admin','Admin'),(2,'a','a','Teacher'),(3,'Ayesha','password2','Teacher'),(4,'Bilal','password3','Teacher'),(5,'Fatima','password4','Teacher'),(6,'Hassan','password5','Teacher'),(7,'Khadija','password6','Teacher'),(8,'Mariam','password7','Teacher'),(9,'Noman','password8','Teacher'),(10,'Rabia','password9','Teacher'),(11,'Zainab','password10','Teacher'),(12,'b','b','Student'),(13,'Aiman','password2','Student'),(14,'Areeba','password3','Student'),(15,'Arslan','password4','Student'),(16,'Bushra','password5','Student'),(17,'Danish','password6','Student'),(18,'Eeman','password7','Student'),(19,'Faisal','password8','Student'),(20,'Farah','password9','Student'),(21,'Hamza','password10','Student'),(22,'Hira','password11','Student'),(23,'Ibrahim','password12','Student'),(24,'Ifrah','password13','Student'),(25,'Junaid','password14','Student'),(26,'Kashan','password15','Student'),(27,'Laraib','password16','Student'),(28,'Mahnoor','password17','Student'),(29,'Maria','password18','Student'),(30,'Mehwish','password19','Student'),(31,'Muhammad','password20','Student'),(32,'Nida','password21','Student'),(33,'Omer','password22','Student'),(34,'Qasim','password23','Student'),(35,'Raheel','password24','Student'),(36,'Sadia','password25','Student'),(37,'Sameer','password26','Student'),(38,'Sanaullah','password27','Student'),(39,'Shazia','password28','Student'),(40,'Sohaib','password29','Student'),(41,'Tariq','password30','Student'),(42,'Umer','password31','Student'),(43,'Usman','password32','Student'),(44,'Waqas','password33','Student'),(45,'Yasir','password34','Student'),(46,'Zara','password35','Student'),(47,'Zeeshan','password36','Student'),(48,'Ahsan','password37','Student'),(49,'Alina','password38','Student'),(50,'Amna','password39','Student'),(51,'Anum','password40','Student'),(52,'Arham','password41','Student'),(53,'Asad','password42','Student'),(54,'Aysha','password43','Student'),(55,'Dua','password44','Student'),(56,'Ehsan','password45','Student'),(57,'Faiza','password46','Student'),(58,'Hammad','password47','Student'),(59,'Hassan','password48','Student'),(60,'Humaira','password49','Student'),(61,'Irfan','password50','Student'),(62,'Jawad','password51','Student'),(63,'Kainat','password52','Student'),(64,'Laiba','password53','Student'),(65,'Lubna','password54','Student'),(66,'Mahira','password55','Student'),(67,'Maira','password56','Student'),(68,'Mohsin','password57','Student'),(69,'Muneeb','password58','Student'),(70,'Nabeel','password59','Student'),(71,'Nadia','password60','Student'),(72,'Naveed','password61','Student'),(73,'Nimra','password62','Student'),(74,'Rida','password63','Student'),(75,'Saad','password64','Student'),(76,'Sara','password65','Student'),(77,'Sumbul','password66','Student'),(78,'Aisha','password67','Student'),(79,'Omer','password68','Student'),(80,'Ali','password69','Student'),(81,'Fatima','password70','Student'),(82,'Hassan','password71','Student'),(83,'Khadija','password72','Student'),(84,'Mariam','password73','Student'),(85,'Noman','password74','Student'),(86,'Rabia','password75','Student'),(87,'Zainab','password76','Student'),(88,'Abdullah','password77','Student'),(89,'Aiman','password78','Student'),(90,'Areeba','password79','Student'),(91,'Arslan','password80','Student'),(92,'Bushra','password81','Student'),(93,'Danish','password82','Student'),(94,'Eeman','password83','Student'),(95,'Faisal','password84','Student'),(96,'Farah','password85','Student'),(97,'Hamza','password86','Student'),(98,'Hira','password87','Student'),(99,'Ibrahim','password88','Student'),(100,'Ifrah','password89','Student'),(101,'Junaid','password90','Student'),(102,'Kashan','password91','Student'),(103,'Laraib','password92','Student'),(104,'Mahnoor','password93','Student'),(105,'Maria','password94','Student'),(106,'Mehwish','password95','Student'),(107,'Muhammad','password96','Student'),(108,'Nida','password97','Student'),(109,'Omer','password98','Student'),(110,'Qasim','password99','Student'),(111,'Raheel','password100','Student'),(112,'Sadia','password101','Student'),(113,'Sameer','password102','Student'),(114,'Sanaullah','password103','Student'),(115,'Shazia','password104','Student'),(116,'Sohaib','password105','Student'),(117,'Tariq','password106','Student'),(118,'Umer','password107','Student'),(119,'Usman','password108','Student'),(120,'Waqas','password109','Student'),(121,'Yasir','password110','Student'),(122,'Zara','password111','Student'),(123,'Zeeshan','password112','Student'),(124,'Ahsan','password113','Student'),(125,'Alina','password114','Student'),(126,'Amna','password115','Student'),(127,'Anum','password116','Student'),(128,'Arham','password117','Student'),(129,'Asad','password118','Student'),(130,'Aysha','password119','Student'),(131,'Dua','password120','Student'),(132,'Ehsan','password121','Student'),(133,'Faiza','password122','Student'),(134,'Hammad','password123','Student'),(135,'Hassan','password124','Student'),(136,'Humaira','password125','Student'),(137,'Irfan','password126','Student'),(138,'Jawad','password127','Student'),(139,'Kainat','password128','Student'),(140,'Laiba','password129','Student'),(141,'Lubna','password130','Student'),(142,'Mahira','password131','Student'),(143,'Maira','password132','Student'),(144,'Mohsin','password133','Student'),(145,'Muneeb','password134','Student'),(146,'Nabeel','password135','Student'),(147,'Nadia','password136','Student'),(148,'Naveed','password137','Student'),(149,'Nimra','password138','Student'),(150,'Rida','password139','Student'),(151,'Saad','password140','Student'),(152,'Sara','password141','Student'),(153,'Sumbul','password142','Student'),(154,'KS','TDX6','Student'),(156,'summ','OuJE','Student'),(157,'sh','OsWc','Student');
/*!40000 ALTER TABLE `user` ENABLE KEYS */;
UNLOCK TABLES;
/*!40103 SET TIME_ZONE=@OLD_TIME_ZONE */;

/*!40101 SET SQL_MODE=@OLD_SQL_MODE */;
/*!40014 SET FOREIGN_KEY_CHECKS=@OLD_FOREIGN_KEY_CHECKS */;
/*!40014 SET UNIQUE_CHECKS=@OLD_UNIQUE_CHECKS */;
/*!40101 SET CHARACTER_SET_CLIENT=@OLD_CHARACTER_SET_CLIENT */;
/*!40101 SET CHARACTER_SET_RESULTS=@OLD_CHARACTER_SET_RESULTS */;
/*!40101 SET COLLATION_CONNECTION=@OLD_COLLATION_CONNECTION */;
/*!40111 SET SQL_NOTES=@OLD_SQL_NOTES */;

-- Dump completed on 2024-06-10  7:51:13
